1, Normal, 1
1, Fight, 0.5
1, Flying, 2.0
1, Poison, 1
1, Ground, 1
1, Rock, 1
1, Bug, 1
1, Ghost, 1
1, Steel, 1
1, Fire, 2.0
1, Water, 0.5
1, Grass, 0.25
1, Electr, 0.5
1, Psychc, 2.0
1, Ice, 2.0
1, Dragon, 1
1, Dark, 1
2, Normal, 1
2, Fight, 0.5
2, Flying, 2.0
2, Poison, 1
2, Ground, 1
2, Rock, 1
2, Bug, 1
2, Ghost, 1
2, Steel, 1
2, Fire, 2.0
2, Water, 0.5
2, Grass, 0.25
2, Electr, 0.5
2, Psychc, 2.0
2, Ice, 2.0
2, Dragon, 1
2, Dark, 1
3, Normal, 1
3, Fight, 0.5
3, Flying, 2.0
3, Poison, 1
3, Ground, 1
3, Rock, 1
3, Bug, 1
3, Ghost, 1
3, Steel, 1
3, Fire, 2.0
3, Water, 0.5
3, Grass, 0.25
3, Electr, 0.5
3, Psychc, 2.0
3, Ice, 2.0
3, Dragon, 1
3, Dark, 1
4, Normal, 1
4, Fight, 1
4, Flying, 1
4, Poison, 1
4, Ground, 2.0
4, Rock, 2.0
4, Bug, 0.5
4, Ghost, 1
4, Steel, 0.5
4, Fire, 0.5
4, Water, 2.0
4, Grass, 0.5
4, Electr, 1
4, Psychc, 1
4, Ice, 0.5
4, Dragon, 1
4, Dark, 1
5, Normal, 1
5, Fight, 1
5, Flying, 1
5, Poison, 1
5, Ground, 2.0
5, Rock, 2.0
5, Bug, 0.5
5, Ghost, 1
5, Steel, 0.5
5, Fire, 0.5
5, Water, 2.0
5, Grass, 0.5
5, Electr, 1
5, Psychc, 1
5, Ice, 0.5
5, Dragon, 1
5, Dark, 1
6, Normal, 1
6, Fight, 0.5
6, Flying, 1
6, Poison, 1
6, Ground, 0.0
6, Rock, 4.0
6, Bug, 0.25
6, Ghost, 1
6, Steel, 0.5
6, Fire, 0.5
6, Water, 2.0
6, Grass, 0.25
6, Electr, 2.0
6, Psychc, 1
6, Ice, 1
6, Dragon, 1
6, Dark, 1
7, Normal, 1
7, Fight, 1
7, Flying, 1
7, Poison, 1
7, Ground, 1
7, Rock, 1
7, Bug, 1
7, Ghost, 1
7, Steel, 0.5
7, Fire, 0.5
7, Water, 0.5
7, Grass, 2.0
7, Electr, 2.0
7, Psychc, 1
7, Ice, 0.5
7, Dragon, 1
7, Dark, 1
8, Normal, 1
8, Fight, 1
8, Flying, 1
8, Poison, 1
8, Ground, 1
8, Rock, 1
8, Bug, 1
8, Ghost, 1
8, Steel, 0.5
8, Fire, 0.5
8, Water, 0.5
8, Grass, 2.0
8, Electr, 2.0
8, Psychc, 1
8, Ice, 0.5
8, Dragon, 1
8, Dark, 1
9, Normal, 1
9, Fight, 1
9, Flying, 1
9, Poison, 1
9, Ground, 1
9, Rock, 1
9, Bug, 1
9, Ghost, 1
9, Steel, 0.5
9, Fire, 0.5
9, Water, 0.5
9, Grass, 2.0
9, Electr, 2.0
9, Psychc, 1
9, Ice, 0.5
9, Dragon, 1
9, Dark, 1
10, Normal, 1
10, Fight, 0.5
10, Flying, 2.0
10, Poison, 1
10, Ground, 0.5
10, Rock, 2.0
10, Bug, 1
10, Ghost, 1
10, Steel, 1
10, Fire, 2.0
10, Water, 1
10, Grass, 0.5
10, Electr, 1
10, Psychc, 1
10, Ice, 1
10, Dragon, 1
10, Dark, 1
11, Normal, 1
11, Fight, 0.5
11, Flying, 2.0
11, Poison, 1
11, Ground, 0.5
11, Rock, 2.0
11, Bug, 1
11, Ghost, 1
11, Steel, 1
11, Fire, 2.0
11, Water, 1
11, Grass, 0.5
11, Electr, 1
11, Psychc, 1
11, Ice, 1
11, Dragon, 1
11, Dark, 1
12, Normal, 1
12, Fight, 0.25
12, Flying, 2.0
12, Poison, 1
12, Ground, 0.0
12, Rock, 4.0
12, Bug, 0.5
12, Ghost, 1
12, Steel, 1
12, Fire, 2.0
12, Water, 1
12, Grass, 0.25
12, Electr, 2.0
12, Psychc, 1
12, Ice, 2.0
12, Dragon, 1
12, Dark, 1
13, Normal, 1
13, Fight, 0.25
13, Flying, 2.0
13, Poison, 0.5
13, Ground, 1
13, Rock, 2.0
13, Bug, 0.5
13, Ghost, 1
13, Steel, 1
13, Fire, 2.0
13, Water, 1
13, Grass, 0.25
13, Electr, 1
13, Psychc, 2.0
13, Ice, 1
13, Dragon, 1
13, Dark, 1
14, Normal, 1
14, Fight, 0.25
14, Flying, 2.0
14, Poison, 0.5
14, Ground, 1
14, Rock, 2.0
14, Bug, 0.5
14, Ghost, 1
14, Steel, 1
14, Fire, 2.0
14, Water, 1
14, Grass, 0.25
14, Electr, 1
14, Psychc, 2.0
14, Ice, 1
14, Dragon, 1
14, Dark, 1
15, Normal, 1
15, Fight, 0.25
15, Flying, 2.0
15, Poison, 0.5
15, Ground, 1
15, Rock, 2.0
15, Bug, 0.5
15, Ghost, 1
15, Steel, 1
15, Fire, 2.0
15, Water, 1
15, Grass, 0.25
15, Electr, 1
15, Psychc, 2.0
15, Ice, 1
15, Dragon, 1
15, Dark, 1
16, Normal, 1
16, Fight, 1
16, Flying, 1
16, Poison, 1
16, Ground, 0.0
16, Rock, 2.0
16, Bug, 0.5
16, Ghost, 0.0
16, Steel, 1
16, Fire, 1
16, Water, 1
16, Grass, 0.5
16, Electr, 2.0
16, Psychc, 1
16, Ice, 2.0
16, Dragon, 1
16, Dark, 1
17, Normal, 1
17, Fight, 1
17, Flying, 1
17, Poison, 1
17, Ground, 0.0
17, Rock, 2.0
17, Bug, 0.5
17, Ghost, 0.0
17, Steel, 1
17, Fire, 1
17, Water, 1
17, Grass, 0.5
17, Electr, 2.0
17, Psychc, 1
17, Ice, 2.0
17, Dragon, 1
17, Dark, 1
18, Normal, 1
18, Fight, 1
18, Flying, 1
18, Poison, 1
18, Ground, 0.0
18, Rock, 2.0
18, Bug, 0.5
18, Ghost, 0.0
18, Steel, 1
18, Fire, 1
18, Water, 1
18, Grass, 0.5
18, Electr, 2.0
18, Psychc, 1
18, Ice, 2.0
18, Dragon, 1
18, Dark, 1
19, Normal, 1
19, Fight, 2.0
19, Flying, 1
19, Poison, 1
19, Ground, 1
19, Rock, 1
19, Bug, 1
19, Ghost, 0.0
19, Steel, 1
19, Fire, 1
19, Water, 1
19, Grass, 1
19, Electr, 1
19, Psychc, 1
19, Ice, 1
19, Dragon, 1
19, Dark, 1
20, Normal, 1
20, Fight, 2.0
20, Flying, 1
20, Poison, 1
20, Ground, 1
20, Rock, 1
20, Bug, 1
20, Ghost, 0.0
20, Steel, 1
20, Fire, 1
20, Water, 1
20, Grass, 1
20, Electr, 1
20, Psychc, 1
20, Ice, 1
20, Dragon, 1
20, Dark, 1
21, Normal, 1
21, Fight, 1
21, Flying, 1
21, Poison, 1
21, Ground, 0.0
21, Rock, 2.0
21, Bug, 0.5
21, Ghost, 0.0
21, Steel, 1
21, Fire, 1
21, Water, 1
21, Grass, 0.5
21, Electr, 2.0
21, Psychc, 1
21, Ice, 2.0
21, Dragon, 1
21, Dark, 1
22, Normal, 1
22, Fight, 1
22, Flying, 1
22, Poison, 1
22, Ground, 0.0
22, Rock, 2.0
22, Bug, 0.5
22, Ghost, 0.0
22, Steel, 1
22, Fire, 1
22, Water, 1
22, Grass, 0.5
22, Electr, 2.0
22, Psychc, 1
22, Ice, 2.0
22, Dragon, 1
22, Dark, 1
23, Normal, 1
23, Fight, 0.5
23, Flying, 1
23, Poison, 0.5
23, Ground, 2.0
23, Rock, 1
23, Bug, 0.5
23, Ghost, 1
23, Steel, 1
23, Fire, 1
23, Water, 1
23, Grass, 0.5
23, Electr, 1
23, Psychc, 2.0
23, Ice, 1
23, Dragon, 1
23, Dark, 1
24, Normal, 1
24, Fight, 0.5
24, Flying, 1
24, Poison, 0.5
24, Ground, 2.0
24, Rock, 1
24, Bug, 0.5
24, Ghost, 1
24, Steel, 1
24, Fire, 1
24, Water, 1
24, Grass, 0.5
24, Electr, 1
24, Psychc, 2.0
24, Ice, 1
24, Dragon, 1
24, Dark, 1
25, Normal, 1
25, Fight, 1
25, Flying, 0.5
25, Poison, 1
25, Ground, 2.0
25, Rock, 1
25, Bug, 1
25, Ghost, 1
25, Steel, 0.5
25, Fire, 1
25, Water, 1
25, Grass, 1
25, Electr, 0.5
25, Psychc, 1
25, Ice, 1
25, Dragon, 1
25, Dark, 1
26, Normal, 1
26, Fight, 1
26, Flying, 0.5
26, Poison, 1
26, Ground, 2.0
26, Rock, 1
26, Bug, 1
26, Ghost, 1
26, Steel, 0.5
26, Fire, 1
26, Water, 1
26, Grass, 1
26, Electr, 0.5
26, Psychc, 1
26, Ice, 1
26, Dragon, 1
26, Dark, 1
27, Normal, 1
27, Fight, 1
27, Flying, 1
27, Poison, 0.5
27, Ground, 1
27, Rock, 0.5
27, Bug, 1
27, Ghost, 1
27, Steel, 1
27, Fire, 1
27, Water, 2.0
27, Grass, 2.0
27, Electr, 0.0
27, Psychc, 1
27, Ice, 2.0
27, Dragon, 1
27, Dark, 1
28, Normal, 1
28, Fight, 1
28, Flying, 1
28, Poison, 0.5
28, Ground, 1
28, Rock, 0.5
28, Bug, 1
28, Ghost, 1
28, Steel, 1
28, Fire, 1
28, Water, 2.0
28, Grass, 2.0
28, Electr, 0.0
28, Psychc, 1
28, Ice, 2.0
28, Dragon, 1
28, Dark, 1
29, Normal, 1
29, Fight, 0.5
29, Flying, 1
29, Poison, 0.5
29, Ground, 2.0
29, Rock, 1
29, Bug, 0.5
29, Ghost, 1
29, Steel, 1
29, Fire, 1
29, Water, 1
29, Grass, 0.5
29, Electr, 1
29, Psychc, 2.0
29, Ice, 1
29, Dragon, 1
29, Dark, 1
30, Normal, 1
30, Fight, 0.5
30, Flying, 1
30, Poison, 0.5
30, Ground, 2.0
30, Rock, 1
30, Bug, 0.5
30, Ghost, 1
30, Steel, 1
30, Fire, 1
30, Water, 1
30, Grass, 0.5
30, Electr, 1
30, Psychc, 2.0
30, Ice, 1
30, Dragon, 1
30, Dark, 1
31, Normal, 1
31, Fight, 0.5
31, Flying, 1
31, Poison, 0.25
31, Ground, 2.0
31, Rock, 0.5
31, Bug, 0.5
31, Ghost, 1
31, Steel, 1
31, Fire, 1
31, Water, 2.0
31, Grass, 1
31, Electr, 0.0
31, Psychc, 2.0
31, Ice, 2.0
31, Dragon, 1
31, Dark, 1
32, Normal, 1
32, Fight, 0.5
32, Flying, 1
32, Poison, 0.5
32, Ground, 2.0
32, Rock, 1
32, Bug, 0.5
32, Ghost, 1
32, Steel, 1
32, Fire, 1
32, Water, 1
32, Grass, 0.5
32, Electr, 1
32, Psychc, 2.0
32, Ice, 1
32, Dragon, 1
32, Dark, 1
33, Normal, 1
33, Fight, 0.5
33, Flying, 1
33, Poison, 0.5
33, Ground, 2.0
33, Rock, 1
33, Bug, 0.5
33, Ghost, 1
33, Steel, 1
33, Fire, 1
33, Water, 1
33, Grass, 0.5
33, Electr, 1
33, Psychc, 2.0
33, Ice, 1
33, Dragon, 1
33, Dark, 1
34, Normal, 1
34, Fight, 0.5
34, Flying, 1
34, Poison, 0.25
34, Ground, 2.0
34, Rock, 0.5
34, Bug, 0.5
34, Ghost, 1
34, Steel, 1
34, Fire, 1
34, Water, 2.0
34, Grass, 1
34, Electr, 0.0
34, Psychc, 2.0
34, Ice, 2.0
34, Dragon, 1
34, Dark, 1
35, Normal, 1.0
35, Fight, 0.5
35, Flying, 1.0
35, Poison, 2.0
35, Ground, 1.0
35, Rock, 1.0
35, Bug, 0.5
35, Ghost, 1.0
35, Steel, 2.0
35, Fire, 1.0
35, Water, 1.0
35, Grass, 1.0
35, Electr, 1.0
35, Psychc, 1.0
35, Ice, 1.0
35, Dragon, 0.0
35, Dark, 0.5
36, Normal, 1.0
36, Fight, 0.5
36, Flying, 1.0
36, Poison, 2.0
36, Ground, 1.0
36, Rock, 1.0
36, Bug, 0.5
36, Ghost, 1.0
36, Steel, 2.0
36, Fire, 1.0
36, Water, 1.0
36, Grass, 1.0
36, Electr, 1.0
36, Psychc, 1.0
36, Ice, 1.0
36, Dragon, 0.0
36, Dark, 0.5
37, Normal, 1
37, Fight, 1
37, Flying, 1
37, Poison, 1
37, Ground, 2.0
37, Rock, 2.0
37, Bug, 0.5
37, Ghost, 1
37, Steel, 0.5
37, Fire, 0.5
37, Water, 2.0
37, Grass, 0.5
37, Electr, 1
37, Psychc, 1
37, Ice, 0.5
37, Dragon, 1
37, Dark, 1
38, Normal, 1
38, Fight, 1
38, Flying, 1
38, Poison, 1
38, Ground, 2.0
38, Rock, 2.0
38, Bug, 0.5
38, Ghost, 1
38, Steel, 0.5
38, Fire, 0.5
38, Water, 2.0
38, Grass, 0.5
38, Electr, 1
38, Psychc, 1
38, Ice, 0.5
38, Dragon, 1
38, Dark, 1
39, Normal, 1.0
39, Fight, 1.0
39, Flying, 1.0
39, Poison, 2.0
39, Ground, 1.0
39, Rock, 1.0
39, Bug, 0.0
39, Ghost, 0.0
39, Steel, 2.0
39, Fire, 1.0
39, Water, 1.0
39, Grass, 1.0
39, Electr, 1.0
39, Psychc, 1.0
39, Ice, 1.0
39, Dragon, 0.0
39, Dark, 0.5
40, Normal, 1.0
40, Fight, 1.0
40, Flying, 1.0
40, Poison, 2.0
40, Ground, 1.0
40, Rock, 1.0
40, Bug, 0.5
40, Ghost, 0.0
40, Steel, 2.0
40, Fire, 1.0
40, Water, 1.0
40, Grass, 0.0
40, Electr, 1.0
40, Psychc, 1.0
40, Ice, 1.0
40, Dragon, 0.0
40, Dark, 0.5
41, Normal, 1
41, Fight, 0.25
41, Flying, 1
41, Poison, 0.5
41, Ground, 0.0
41, Rock, 2.0
41, Bug, 0.25
41, Ghost, 1
41, Steel, 1
41, Fire, 1
41, Water, 1
41, Grass, 0.25
41, Electr, 2.0
41, Psychc, 2.0
41, Ice, 2.0
41, Dragon, 1
41, Dark, 1
42, Normal, 1
42, Fight, 0.25
42, Flying, 1
42, Poison, 0.5
42, Ground, 0.0
42, Rock, 2.0
42, Bug, 0.25
42, Ghost, 1
42, Steel, 1
42, Fire, 1
42, Water, 1
42, Grass, 0.25
42, Electr, 2.0
42, Psychc, 2.0
42, Ice, 2.0
42, Dragon, 1
42, Dark, 1
43, Normal, 1
43, Fight, 0.5
43, Flying, 2.0
43, Poison, 1
43, Ground, 1
43, Rock, 1
43, Bug, 1
43, Ghost, 1
43, Steel, 1
43, Fire, 2.0
43, Water, 0.5
43, Grass, 0.25
43, Electr, 0.5
43, Psychc, 2.0
43, Ice, 2.0
43, Dragon, 1
43, Dark, 1
44, Normal, 1
44, Fight, 0.5
44, Flying, 2.0
44, Poison, 1
44, Ground, 1
44, Rock, 1
44, Bug, 1
44, Ghost, 1
44, Steel, 1
44, Fire, 2.0
44, Water, 0.5
44, Grass, 0.25
44, Electr, 0.5
44, Psychc, 2.0
44, Ice, 2.0
44, Dragon, 1
44, Dark, 1
45, Normal, 1
45, Fight, 0.5
45, Flying, 2.0
45, Poison, 1
45, Ground, 1
45, Rock, 1
45, Bug, 1
45, Ghost, 1
45, Steel, 1
45, Fire, 2.0
45, Water, 0.5
45, Grass, 0.25
45, Electr, 0.5
45, Psychc, 2.0
45, Ice, 2.0
45, Dragon, 1
45, Dark, 1
46, Normal, 1
46, Fight, 0.5
46, Flying, 4.0
46, Poison, 2.0
46, Ground, 0.25
46, Rock, 2.0
46, Bug, 2.0
46, Ghost, 1
46, Steel, 1
46, Fire, 4.0
46, Water, 0.5
46, Grass, 0.25
46, Electr, 0.5
46, Psychc, 1
46, Ice, 2.0
46, Dragon, 1
46, Dark, 1
47, Normal, 1
47, Fight, 0.5
47, Flying, 4.0
47, Poison, 2.0
47, Ground, 0.25
47, Rock, 2.0
47, Bug, 2.0
47, Ghost, 1
47, Steel, 1
47, Fire, 4.0
47, Water, 0.5
47, Grass, 0.25
47, Electr, 0.5
47, Psychc, 1
47, Ice, 2.0
47, Dragon, 1
47, Dark, 1
48, Normal, 1
48, Fight, 0.25
48, Flying, 2.0
48, Poison, 0.5
48, Ground, 1
48, Rock, 2.0
48, Bug, 0.5
48, Ghost, 1
48, Steel, 1
48, Fire, 2.0
48, Water, 1
48, Grass, 0.25
48, Electr, 1
48, Psychc, 2.0
48, Ice, 1
48, Dragon, 1
48, Dark, 1
49, Normal, 1
49, Fight, 0.25
49, Flying, 2.0
49, Poison, 0.5
49, Ground, 1
49, Rock, 2.0
49, Bug, 0.5
49, Ghost, 1
49, Steel, 1
49, Fire, 2.0
49, Water, 1
49, Grass, 0.25
49, Electr, 1
49, Psychc, 2.0
49, Ice, 1
49, Dragon, 1
49, Dark, 1
50, Normal, 1
50, Fight, 1
50, Flying, 1
50, Poison, 0.5
50, Ground, 1
50, Rock, 0.5
50, Bug, 1
50, Ghost, 1
50, Steel, 1
50, Fire, 1
50, Water, 2.0
50, Grass, 2.0
50, Electr, 0.0
50, Psychc, 1
50, Ice, 2.0
50, Dragon, 1
50, Dark, 1
51, Normal, 1
51, Fight, 1
51, Flying, 1
51, Poison, 0.5
51, Ground, 1
51, Rock, 0.5
51, Bug, 1
51, Ghost, 1
51, Steel, 1
51, Fire, 1
51, Water, 2.0
51, Grass, 2.0
51, Electr, 0.0
51, Psychc, 1
51, Ice, 2.0
51, Dragon, 1
51, Dark, 1
52, Normal, 1
52, Fight, 2.0
52, Flying, 1
52, Poison, 1
52, Ground, 1
52, Rock, 1
52, Bug, 1
52, Ghost, 0.0
52, Steel, 1
52, Fire, 1
52, Water, 1
52, Grass, 1
52, Electr, 1
52, Psychc, 1
52, Ice, 1
52, Dragon, 1
52, Dark, 1
53, Normal, 1
53, Fight, 2.0
53, Flying, 1
53, Poison, 1
53, Ground, 1
53, Rock, 1
53, Bug, 1
53, Ghost, 0.0
53, Steel, 1
53, Fire, 1
53, Water, 1
53, Grass, 1
53, Electr, 1
53, Psychc, 1
53, Ice, 1
53, Dragon, 1
53, Dark, 1
54, Normal, 1
54, Fight, 1
54, Flying, 1
54, Poison, 1
54, Ground, 1
54, Rock, 1
54, Bug, 1
54, Ghost, 1
54, Steel, 0.5
54, Fire, 0.5
54, Water, 0.5
54, Grass, 2.0
54, Electr, 2.0
54, Psychc, 1
54, Ice, 0.5
54, Dragon, 1
54, Dark, 1
55, Normal, 1
55, Fight, 1
55, Flying, 1
55, Poison, 1
55, Ground, 1
55, Rock, 1
55, Bug, 1
55, Ghost, 1
55, Steel, 0.5
55, Fire, 0.5
55, Water, 0.5
55, Grass, 2.0
55, Electr, 2.0
55, Psychc, 1
55, Ice, 0.5
55, Dragon, 1
55, Dark, 1
56, Normal, 1
56, Fight, 1
56, Flying, 2.0
56, Poison, 1
56, Ground, 1
56, Rock, 0.5
56, Bug, 0.5
56, Ghost, 1
56, Steel, 1
56, Fire, 1
56, Water, 1
56, Grass, 1
56, Electr, 1
56, Psychc, 2.0
56, Ice, 1
56, Dragon, 1
56, Dark, 0.5
57, Normal, 1
57, Fight, 1
57, Flying, 2.0
57, Poison, 1
57, Ground, 1
57, Rock, 0.5
57, Bug, 0.5
57, Ghost, 1
57, Steel, 1
57, Fire, 1
57, Water, 1
57, Grass, 1
57, Electr, 1
57, Psychc, 2.0
57, Ice, 1
57, Dragon, 1
57, Dark, 0.5
58, Normal, 1
58, Fight, 1
58, Flying, 1
58, Poison, 1
58, Ground, 2.0
58, Rock, 2.0
58, Bug, 0.5
58, Ghost, 1
58, Steel, 0.5
58, Fire, 0.5
58, Water, 2.0
58, Grass, 0.5
58, Electr, 1
58, Psychc, 1
58, Ice, 0.5
58, Dragon, 1
58, Dark, 1
59, Normal, 1
59, Fight, 1
59, Flying, 1
59, Poison, 1
59, Ground, 2.0
59, Rock, 2.0
59, Bug, 0.5
59, Ghost, 1
59, Steel, 0.5
59, Fire, 0.5
59, Water, 2.0
59, Grass, 0.5
59, Electr, 1
59, Psychc, 1
59, Ice, 0.5
59, Dragon, 1
59, Dark, 1
60, Normal, 1
60, Fight, 1
60, Flying, 1
60, Poison, 1
60, Ground, 1
60, Rock, 1
60, Bug, 1
60, Ghost, 1
60, Steel, 0.5
60, Fire, 0.5
60, Water, 0.5
60, Grass, 2.0
60, Electr, 2.0
60, Psychc, 1
60, Ice, 0.5
60, Dragon, 1
60, Dark, 1
61, Normal, 1
61, Fight, 1
61, Flying, 1
61, Poison, 1
61, Ground, 1
61, Rock, 1
61, Bug, 1
61, Ghost, 1
61, Steel, 0.5
61, Fire, 0.5
61, Water, 0.5
61, Grass, 2.0
61, Electr, 2.0
61, Psychc, 1
61, Ice, 0.5
61, Dragon, 1
61, Dark, 1
62, Normal, 1
62, Fight, 1
62, Flying, 2.0
62, Poison, 1
62, Ground, 1
62, Rock, 0.5
62, Bug, 0.5
62, Ghost, 1
62, Steel, 0.5
62, Fire, 0.5
62, Water, 0.5
62, Grass, 2.0
62, Electr, 2.0
62, Psychc, 2.0
62, Ice, 0.5
62, Dragon, 1
62, Dark, 0.5
63, Normal, 1
63, Fight, 0.5
63, Flying, 1
63, Poison, 1
63, Ground, 1
63, Rock, 1
63, Bug, 2.0
63, Ghost, 2.0
63, Steel, 1
63, Fire, 1
63, Water, 1
63, Grass, 1
63, Electr, 1
63, Psychc, 0.5
63, Ice, 1
63, Dragon, 1
63, Dark, 2.0
64, Normal, 1
64, Fight, 0.5
64, Flying, 1
64, Poison, 1
64, Ground, 1
64, Rock, 1
64, Bug, 2.0
64, Ghost, 2.0
64, Steel, 1
64, Fire, 1
64, Water, 1
64, Grass, 1
64, Electr, 1
64, Psychc, 0.5
64, Ice, 1
64, Dragon, 1
64, Dark, 2.0
65, Normal, 1
65, Fight, 0.5
65, Flying, 1
65, Poison, 1
65, Ground, 1
65, Rock, 1
65, Bug, 2.0
65, Ghost, 2.0
65, Steel, 1
65, Fire, 1
65, Water, 1
65, Grass, 1
65, Electr, 1
65, Psychc, 0.5
65, Ice, 1
65, Dragon, 1
65, Dark, 2.0
66, Normal, 1
66, Fight, 1
66, Flying, 2.0
66, Poison, 1
66, Ground, 1
66, Rock, 0.5
66, Bug, 0.5
66, Ghost, 1
66, Steel, 1
66, Fire, 1
66, Water, 1
66, Grass, 1
66, Electr, 1
66, Psychc, 2.0
66, Ice, 1
66, Dragon, 1
66, Dark, 0.5
67, Normal, 1
67, Fight, 1
67, Flying, 2.0
67, Poison, 1
67, Ground, 1
67, Rock, 0.5
67, Bug, 0.5
67, Ghost, 1
67, Steel, 1
67, Fire, 1
67, Water, 1
67, Grass, 1
67, Electr, 1
67, Psychc, 2.0
67, Ice, 1
67, Dragon, 1
67, Dark, 0.5
68, Normal, 1
68, Fight, 1
68, Flying, 2.0
68, Poison, 1
68, Ground, 1
68, Rock, 0.5
68, Bug, 0.5
68, Ghost, 1
68, Steel, 1
68, Fire, 1
68, Water, 1
68, Grass, 1
68, Electr, 1
68, Psychc, 2.0
68, Ice, 1
68, Dragon, 1
68, Dark, 0.5
69, Normal, 1
69, Fight, 0.5
69, Flying, 2.0
69, Poison, 1
69, Ground, 1
69, Rock, 1
69, Bug, 1
69, Ghost, 1
69, Steel, 1
69, Fire, 2.0
69, Water, 0.5
69, Grass, 0.25
69, Electr, 0.5
69, Psychc, 2.0
69, Ice, 2.0
69, Dragon, 1
69, Dark, 1
70, Normal, 1
70, Fight, 0.5
70, Flying, 2.0
70, Poison, 1
70, Ground, 1
70, Rock, 1
70, Bug, 1
70, Ghost, 1
70, Steel, 1
70, Fire, 2.0
70, Water, 0.5
70, Grass, 0.25
70, Electr, 0.5
70, Psychc, 2.0
70, Ice, 2.0
70, Dragon, 1
70, Dark, 1
71, Normal, 1
71, Fight, 0.5
71, Flying, 2.0
71, Poison, 1
71, Ground, 1
71, Rock, 1
71, Bug, 1
71, Ghost, 1
71, Steel, 1
71, Fire, 2.0
71, Water, 0.5
71, Grass, 0.25
71, Electr, 0.5
71, Psychc, 2.0
71, Ice, 2.0
71, Dragon, 1
71, Dark, 1
72, Normal, 1
72, Fight, 0.5
72, Flying, 1
72, Poison, 0.5
72, Ground, 2.0
72, Rock, 1
72, Bug, 0.5
72, Ghost, 1
72, Steel, 0.5
72, Fire, 0.5
72, Water, 0.5
72, Grass, 1
72, Electr, 2.0
72, Psychc, 2.0
72, Ice, 0.5
72, Dragon, 1
72, Dark, 1
73, Normal, 1
73, Fight, 0.5
73, Flying, 1
73, Poison, 0.5
73, Ground, 2.0
73, Rock, 1
73, Bug, 0.5
73, Ghost, 1
73, Steel, 0.5
73, Fire, 0.5
73, Water, 0.5
73, Grass, 1
73, Electr, 2.0
73, Psychc, 2.0
73, Ice, 0.5
73, Dragon, 1
73, Dark, 1
74, Normal, 0.5
74, Fight, 2.0
74, Flying, 0.5
74, Poison, 0.25
74, Ground, 2.0
74, Rock, 0.5
74, Bug, 1
74, Ghost, 1
74, Steel, 2.0
74, Fire, 0.5
74, Water, 4.0
74, Grass, 4.0
74, Electr, 0.0
74, Psychc, 1
74, Ice, 2.0
74, Dragon, 1
74, Dark, 1
75, Normal, 0.5
75, Fight, 2.0
75, Flying, 0.5
75, Poison, 0.25
75, Ground, 2.0
75, Rock, 0.5
75, Bug, 1
75, Ghost, 1
75, Steel, 2.0
75, Fire, 0.5
75, Water, 4.0
75, Grass, 4.0
75, Electr, 0.0
75, Psychc, 1
75, Ice, 2.0
75, Dragon, 1
75, Dark, 1
76, Normal, 0.5
76, Fight, 2.0
76, Flying, 0.5
76, Poison, 0.25
76, Ground, 2.0
76, Rock, 0.5
76, Bug, 1
76, Ghost, 1
76, Steel, 2.0
76, Fire, 0.5
76, Water, 4.0
76, Grass, 4.0
76, Electr, 0.0
76, Psychc, 1
76, Ice, 2.0
76, Dragon, 1
76, Dark, 1
77, Normal, 1
77, Fight, 1
77, Flying, 1
77, Poison, 1
77, Ground, 2.0
77, Rock, 2.0
77, Bug, 0.5
77, Ghost, 1
77, Steel, 0.5
77, Fire, 0.5
77, Water, 2.0
77, Grass, 0.5
77, Electr, 1
77, Psychc, 1
77, Ice, 0.5
77, Dragon, 1
77, Dark, 1
78, Normal, 1
78, Fight, 1
78, Flying, 1
78, Poison, 1
78, Ground, 2.0
78, Rock, 2.0
78, Bug, 0.5
78, Ghost, 1
78, Steel, 0.5
78, Fire, 0.5
78, Water, 2.0
78, Grass, 0.5
78, Electr, 1
78, Psychc, 1
78, Ice, 0.5
78, Dragon, 1
78, Dark, 1
79, Normal, 1
79, Fight, 0.5
79, Flying, 1
79, Poison, 1
79, Ground, 1
79, Rock, 1
79, Bug, 2.0
79, Ghost, 2.0
79, Steel, 0.5
79, Fire, 0.5
79, Water, 0.5
79, Grass, 2.0
79, Electr, 2.0
79, Psychc, 0.5
79, Ice, 0.5
79, Dragon, 1
79, Dark, 2.0
80, Normal, 1
80, Fight, 0.5
80, Flying, 1
80, Poison, 1
80, Ground, 1
80, Rock, 1
80, Bug, 2.0
80, Ghost, 2.0
80, Steel, 0.5
80, Fire, 0.5
80, Water, 0.5
80, Grass, 2.0
80, Electr, 2.0
80, Psychc, 0.5
80, Ice, 0.5
80, Dragon, 1
80, Dark, 2.0
81, Normal, 0.5
81, Fight, 2.0
81, Flying, 0.25
81, Poison, 0.0
81, Ground, 4.0
81, Rock, 0.5
81, Bug, 0.5
81, Ghost, 0.5
81, Steel, 0.25
81, Fire, 2.0
81, Water, 1
81, Grass, 0.5
81, Electr, 0.5
81, Psychc, 0.5
81, Ice, 0.5
81, Dragon, 0.5
81, Dark, 0.5
82, Normal, 0.5
82, Fight, 2.0
82, Flying, 0.25
82, Poison, 0.0
82, Ground, 4.0
82, Rock, 0.5
82, Bug, 0.5
82, Ghost, 0.5
82, Steel, 0.25
82, Fire, 2.0
82, Water, 1
82, Grass, 0.5
82, Electr, 0.5
82, Psychc, 0.5
82, Ice, 0.5
82, Dragon, 0.5
82, Dark, 0.5
83, Normal, 1
83, Fight, 1
83, Flying, 1
83, Poison, 1
83, Ground, 0.0
83, Rock, 2.0
83, Bug, 0.5
83, Ghost, 0.0
83, Steel, 1
83, Fire, 1
83, Water, 1
83, Grass, 0.5
83, Electr, 2.0
83, Psychc, 1
83, Ice, 2.0
83, Dragon, 1
83, Dark, 1
84, Normal, 1
84, Fight, 1
84, Flying, 1
84, Poison, 1
84, Ground, 0.0
84, Rock, 2.0
84, Bug, 0.5
84, Ghost, 0.0
84, Steel, 1
84, Fire, 1
84, Water, 1
84, Grass, 0.5
84, Electr, 2.0
84, Psychc, 1
84, Ice, 2.0
84, Dragon, 1
84, Dark, 1
85, Normal, 1
85, Fight, 1
85, Flying, 1
85, Poison, 1
85, Ground, 0.0
85, Rock, 2.0
85, Bug, 0.5
85, Ghost, 0.0
85, Steel, 1
85, Fire, 1
85, Water, 1
85, Grass, 0.5
85, Electr, 2.0
85, Psychc, 1
85, Ice, 2.0
85, Dragon, 1
85, Dark, 1
86, Normal, 1
86, Fight, 1
86, Flying, 1
86, Poison, 1
86, Ground, 1
86, Rock, 1
86, Bug, 1
86, Ghost, 1
86, Steel, 0.5
86, Fire, 0.5
86, Water, 0.5
86, Grass, 2.0
86, Electr, 2.0
86, Psychc, 1
86, Ice, 0.5
86, Dragon, 1
86, Dark, 1
87, Normal, 1
87, Fight, 2.0
87, Flying, 1
87, Poison, 1
87, Ground, 1
87, Rock, 2.0
87, Bug, 1
87, Ghost, 1
87, Steel, 1
87, Fire, 1
87, Water, 0.5
87, Grass, 2.0
87, Electr, 2.0
87, Psychc, 1
87, Ice, 0.25
87, Dragon, 1
87, Dark, 1
88, Normal, 1
88, Fight, 0.5
88, Flying, 1
88, Poison, 0.5
88, Ground, 2.0
88, Rock, 1
88, Bug, 0.5
88, Ghost, 1
88, Steel, 1
88, Fire, 1
88, Water, 1
88, Grass, 0.5
88, Electr, 1
88, Psychc, 2.0
88, Ice, 1
88, Dragon, 1
88, Dark, 1
89, Normal, 1
89, Fight, 0.5
89, Flying, 1
89, Poison, 0.5
89, Ground, 2.0
89, Rock, 1
89, Bug, 0.5
89, Ghost, 1
89, Steel, 1
89, Fire, 1
89, Water, 1
89, Grass, 0.5
89, Electr, 1
89, Psychc, 2.0
89, Ice, 1
89, Dragon, 1
89, Dark, 1
90, Normal, 1
90, Fight, 1
90, Flying, 1
90, Poison, 1
90, Ground, 1
90, Rock, 1
90, Bug, 1
90, Ghost, 1
90, Steel, 0.5
90, Fire, 0.5
90, Water, 0.5
90, Grass, 2.0
90, Electr, 2.0
90, Psychc, 1
90, Ice, 0.5
90, Dragon, 1
90, Dark, 1
91, Normal, 1
91, Fight, 2.0
91, Flying, 1
91, Poison, 1
91, Ground, 1
91, Rock, 2.0
91, Bug, 1
91, Ghost, 1
91, Steel, 1
91, Fire, 1
91, Water, 0.5
91, Grass, 2.0
91, Electr, 2.0
91, Psychc, 1
91, Ice, 0.25
91, Dragon, 1
91, Dark, 1
92, Normal, 0.0
92, Fight, 0.0
92, Flying, 1
92, Poison, 0.25
92, Ground, 2.0
92, Rock, 1
92, Bug, 0.25
92, Ghost, 2.0
92, Steel, 1
92, Fire, 1
92, Water, 1
92, Grass, 0.5
92, Electr, 1
92, Psychc, 2.0
92, Ice, 1
92, Dragon, 1
92, Dark, 2.0
93, Normal, 0.0
93, Fight, 0.0
93, Flying, 1
93, Poison, 0.25
93, Ground, 2.0
93, Rock, 1
93, Bug, 0.25
93, Ghost, 2.0
93, Steel, 1
93, Fire, 1
93, Water, 1
93, Grass, 0.5
93, Electr, 1
93, Psychc, 2.0
93, Ice, 1
93, Dragon, 1
93, Dark, 2.0
94, Normal, 0.0
94, Fight, 0.0
94, Flying, 1
94, Poison, 0.25
94, Ground, 2.0
94, Rock, 1
94, Bug, 0.25
94, Ghost, 2.0
94, Steel, 1
94, Fire, 1
94, Water, 1
94, Grass, 0.5
94, Electr, 1
94, Psychc, 2.0
94, Ice, 1
94, Dragon, 1
94, Dark, 2.0
95, Normal, 0.5
95, Fight, 2.0
95, Flying, 0.5
95, Poison, 0.25
95, Ground, 2.0
95, Rock, 0.5
95, Bug, 1
95, Ghost, 1
95, Steel, 2.0
95, Fire, 0.5
95, Water, 4.0
95, Grass, 4.0
95, Electr, 0.0
95, Psychc, 1
95, Ice, 2.0
95, Dragon, 1
95, Dark, 1
96, Normal, 1
96, Fight, 0.5
96, Flying, 1
96, Poison, 1
96, Ground, 1
96, Rock, 1
96, Bug, 2.0
96, Ghost, 2.0
96, Steel, 1
96, Fire, 1
96, Water, 1
96, Grass, 1
96, Electr, 1
96, Psychc, 0.5
96, Ice, 1
96, Dragon, 1
96, Dark, 2.0
97, Normal, 1
97, Fight, 0.5
97, Flying, 1
97, Poison, 1
97, Ground, 1
97, Rock, 1
97, Bug, 2.0
97, Ghost, 2.0
97, Steel, 1
97, Fire, 1
97, Water, 1
97, Grass, 1
97, Electr, 1
97, Psychc, 0.5
97, Ice, 1
97, Dragon, 1
97, Dark, 2.0
98, Normal, 1
98, Fight, 1
98, Flying, 1
98, Poison, 1
98, Ground, 1
98, Rock, 1
98, Bug, 1
98, Ghost, 1
98, Steel, 0.5
98, Fire, 0.5
98, Water, 0.5
98, Grass, 2.0
98, Electr, 2.0
98, Psychc, 1
98, Ice, 0.5
98, Dragon, 1
98, Dark, 1
99, Normal, 1
99, Fight, 1
99, Flying, 1
99, Poison, 1
99, Ground, 1
99, Rock, 1
99, Bug, 1
99, Ghost, 1
99, Steel, 0.5
99, Fire, 0.5
99, Water, 0.5
99, Grass, 2.0
99, Electr, 2.0
99, Psychc, 1
99, Ice, 0.5
99, Dragon, 1
99, Dark, 1
100, Normal, 1
100, Fight, 1
100, Flying, 0.5
100, Poison, 1
100, Ground, 2.0
100, Rock, 1
100, Bug, 1
100, Ghost, 1
100, Steel, 0.5
100, Fire, 1
100, Water, 1
100, Grass, 1
100, Electr, 0.5
100, Psychc, 1
100, Ice, 1
100, Dragon, 1
100, Dark, 1
101, Normal, 1
101, Fight, 1
101, Flying, 0.5
101, Poison, 1
101, Ground, 2.0
101, Rock, 1
101, Bug, 1
101, Ghost, 1
101, Steel, 0.5
101, Fire, 1
101, Water, 1
101, Grass, 1
101, Electr, 0.5
101, Psychc, 1
101, Ice, 1
101, Dragon, 1
101, Dark, 1
102, Normal, 1
102, Fight, 0.5
102, Flying, 2.0
102, Poison, 2.0
102, Ground, 0.5
102, Rock, 1
102, Bug, 4.0
102, Ghost, 2.0
102, Steel, 1
102, Fire, 2.0
102, Water, 0.5
102, Grass, 0.5
102, Electr, 0.5
102, Psychc, 0.5
102, Ice, 2.0
102, Dragon, 1
102, Dark, 2.0
103, Normal, 1
103, Fight, 0.5
103, Flying, 2.0
103, Poison, 2.0
103, Ground, 0.5
103, Rock, 1
103, Bug, 4.0
103, Ghost, 2.0
103, Steel, 1
103, Fire, 2.0
103, Water, 0.5
103, Grass, 0.5
103, Electr, 0.5
103, Psychc, 0.5
103, Ice, 2.0
103, Dragon, 1
103, Dark, 2.0
104, Normal, 1
104, Fight, 1
104, Flying, 1
104, Poison, 0.5
104, Ground, 1
104, Rock, 0.5
104, Bug, 1
104, Ghost, 1
104, Steel, 1
104, Fire, 1
104, Water, 2.0
104, Grass, 2.0
104, Electr, 0.0
104, Psychc, 1
104, Ice, 2.0
104, Dragon, 1
104, Dark, 1
105, Normal, 1
105, Fight, 1
105, Flying, 1
105, Poison, 0.5
105, Ground, 1
105, Rock, 0.5
105, Bug, 1
105, Ghost, 1
105, Steel, 1
105, Fire, 1
105, Water, 2.0
105, Grass, 2.0
105, Electr, 0.0
105, Psychc, 1
105, Ice, 2.0
105, Dragon, 1
105, Dark, 1
106, Normal, 1
106, Fight, 1
106, Flying, 2.0
106, Poison, 1
106, Ground, 1
106, Rock, 0.5
106, Bug, 0.5
106, Ghost, 1
106, Steel, 1
106, Fire, 1
106, Water, 1
106, Grass, 1
106, Electr, 1
106, Psychc, 2.0
106, Ice, 1
106, Dragon, 1
106, Dark, 0.5
107, Normal, 1
107, Fight, 1
107, Flying, 2.0
107, Poison, 1
107, Ground, 1
107, Rock, 0.5
107, Bug, 0.5
107, Ghost, 1
107, Steel, 1
107, Fire, 1
107, Water, 1
107, Grass, 1
107, Electr, 1
107, Psychc, 2.0
107, Ice, 1
107, Dragon, 1
107, Dark, 0.5
108, Normal, 1
108, Fight, 2.0
108, Flying, 1
108, Poison, 1
108, Ground, 1
108, Rock, 1
108, Bug, 1
108, Ghost, 0.0
108, Steel, 1
108, Fire, 1
108, Water, 1
108, Grass, 1
108, Electr, 1
108, Psychc, 1
108, Ice, 1
108, Dragon, 1
108, Dark, 1
109, Normal, 1
109, Fight, 0.5
109, Flying, 1
109, Poison, 0.5
109, Ground, 2.0
109, Rock, 1
109, Bug, 0.5
109, Ghost, 1
109, Steel, 1
109, Fire, 1
109, Water, 1
109, Grass, 0.5
109, Electr, 1
109, Psychc, 2.0
109, Ice, 1
109, Dragon, 1
109, Dark, 1
110, Normal, 1
110, Fight, 0.5
110, Flying, 1
110, Poison, 0.5
110, Ground, 2.0
110, Rock, 1
110, Bug, 0.5
110, Ghost, 1
110, Steel, 1
110, Fire, 1
110, Water, 1
110, Grass, 0.5
110, Electr, 1
110, Psychc, 2.0
110, Ice, 1
110, Dragon, 1
110, Dark, 1
111, Normal, 0.5
111, Fight, 2.0
111, Flying, 0.5
111, Poison, 0.25
111, Ground, 2.0
111, Rock, 0.5
111, Bug, 1
111, Ghost, 1
111, Steel, 2.0
111, Fire, 0.5
111, Water, 4.0
111, Grass, 4.0
111, Electr, 0.0
111, Psychc, 1
111, Ice, 2.0
111, Dragon, 1
111, Dark, 1
112, Normal, 0.5
112, Fight, 2.0
112, Flying, 0.5
112, Poison, 0.25
112, Ground, 2.0
112, Rock, 0.5
112, Bug, 1
112, Ghost, 1
112, Steel, 2.0
112, Fire, 0.5
112, Water, 4.0
112, Grass, 4.0
112, Electr, 0.0
112, Psychc, 1
112, Ice, 2.0
112, Dragon, 1
112, Dark, 1
113, Normal, 1
113, Fight, 2.0
113, Flying, 1
113, Poison, 1
113, Ground, 1
113, Rock, 1
113, Bug, 1
113, Ghost, 0.0
113, Steel, 1
113, Fire, 1
113, Water, 1
113, Grass, 1
113, Electr, 1
113, Psychc, 1
113, Ice, 1
113, Dragon, 1
113, Dark, 1
114, Normal, 1
114, Fight, 1
114, Flying, 2.0
114, Poison, 2.0
114, Ground, 0.5
114, Rock, 1
114, Bug, 2.0
114, Ghost, 1
114, Steel, 1
114, Fire, 2.0
114, Water, 0.5
114, Grass, 0.5
114, Electr, 0.5
114, Psychc, 1
114, Ice, 2.0
114, Dragon, 1
114, Dark, 1
115, Normal, 1
115, Fight, 2.0
115, Flying, 1
115, Poison, 1
115, Ground, 1
115, Rock, 1
115, Bug, 1
115, Ghost, 0.0
115, Steel, 1
115, Fire, 1
115, Water, 1
115, Grass, 1
115, Electr, 1
115, Psychc, 1
115, Ice, 1
115, Dragon, 1
115, Dark, 1
116, Normal, 1
116, Fight, 1
116, Flying, 1
116, Poison, 1
116, Ground, 1
116, Rock, 1
116, Bug, 1
116, Ghost, 1
116, Steel, 0.5
116, Fire, 0.5
116, Water, 0.5
116, Grass, 2.0
116, Electr, 2.0
116, Psychc, 1
116, Ice, 0.5
116, Dragon, 1
116, Dark, 1
117, Normal, 1
117, Fight, 1
117, Flying, 1
117, Poison, 1
117, Ground, 1
117, Rock, 1
117, Bug, 1
117, Ghost, 1
117, Steel, 0.5
117, Fire, 0.5
117, Water, 0.5
117, Grass, 2.0
117, Electr, 2.0
117, Psychc, 1
117, Ice, 0.5
117, Dragon, 1
117, Dark, 1
118, Normal, 1
118, Fight, 1
118, Flying, 1
118, Poison, 1
118, Ground, 1
118, Rock, 1
118, Bug, 1
118, Ghost, 1
118, Steel, 0.5
118, Fire, 0.5
118, Water, 0.5
118, Grass, 2.0
118, Electr, 2.0
118, Psychc, 1
118, Ice, 0.5
118, Dragon, 1
118, Dark, 1
119, Normal, 1
119, Fight, 1
119, Flying, 1
119, Poison, 1
119, Ground, 1
119, Rock, 1
119, Bug, 1
119, Ghost, 1
119, Steel, 0.5
119, Fire, 0.5
119, Water, 0.5
119, Grass, 2.0
119, Electr, 2.0
119, Psychc, 1
119, Ice, 0.5
119, Dragon, 1
119, Dark, 1
120, Normal, 1
120, Fight, 1
120, Flying, 1
120, Poison, 1
120, Ground, 1
120, Rock, 1
120, Bug, 1
120, Ghost, 1
120, Steel, 0.5
120, Fire, 0.5
120, Water, 0.5
120, Grass, 2.0
120, Electr, 2.0
120, Psychc, 1
120, Ice, 0.5
120, Dragon, 1
120, Dark, 1
121, Normal, 1
121, Fight, 0.5
121, Flying, 1
121, Poison, 1
121, Ground, 1
121, Rock, 1
121, Bug, 2.0
121, Ghost, 2.0
121, Steel, 0.5
121, Fire, 0.5
121, Water, 0.5
121, Grass, 2.0
121, Electr, 2.0
121, Psychc, 0.5
121, Ice, 0.5
121, Dragon, 1
121, Dark, 2.0
122, Normal, 1.0
122, Fight, 0.25
122, Flying, 1.0
122, Poison, 1.5
122, Ground, 1.0
122, Rock, 1.0
122, Bug, 1.0
122, Ghost, 1.5
122, Steel, 1.5
122, Fire, 1.0
122, Water, 1.0
122, Grass, 1.0
122, Electr, 1.0
122, Psychc, 0.5
122, Ice, 1.0
122, Dragon, 0.0
122, Dark, 1.0
123, Normal, 1
123, Fight, 0.25
123, Flying, 2.0
123, Poison, 1
123, Ground, 0.0
123, Rock, 4.0
123, Bug, 0.5
123, Ghost, 1
123, Steel, 1
123, Fire, 2.0
123, Water, 1
123, Grass, 0.25
123, Electr, 2.0
123, Psychc, 1
123, Ice, 2.0
123, Dragon, 1
123, Dark, 1
124, Normal, 1
124, Fight, 1
124, Flying, 1
124, Poison, 1
124, Ground, 1
124, Rock, 2.0
124, Bug, 2.0
124, Ghost, 2.0
124, Steel, 2.0
124, Fire, 2.0
124, Water, 1
124, Grass, 1
124, Electr, 1
124, Psychc, 0.5
124, Ice, 0.5
124, Dragon, 1
124, Dark, 2.0
125, Normal, 1
125, Fight, 1
125, Flying, 0.5
125, Poison, 1
125, Ground, 2.0
125, Rock, 1
125, Bug, 1
125, Ghost, 1
125, Steel, 0.5
125, Fire, 1
125, Water, 1
125, Grass, 1
125, Electr, 0.5
125, Psychc, 1
125, Ice, 1
125, Dragon, 1
125, Dark, 1
126, Normal, 1
126, Fight, 1
126, Flying, 1
126, Poison, 1
126, Ground, 2.0
126, Rock, 2.0
126, Bug, 0.5
126, Ghost, 1
126, Steel, 0.5
126, Fire, 0.5
126, Water, 2.0
126, Grass, 0.5
126, Electr, 1
126, Psychc, 1
126, Ice, 0.5
126, Dragon, 1
126, Dark, 1
127, Normal, 1
127, Fight, 0.5
127, Flying, 2.0
127, Poison, 1
127, Ground, 0.5
127, Rock, 2.0
127, Bug, 1
127, Ghost, 1
127, Steel, 1
127, Fire, 2.0
127, Water, 1
127, Grass, 0.5
127, Electr, 1
127, Psychc, 1
127, Ice, 1
127, Dragon, 1
127, Dark, 1
128, Normal, 1
128, Fight, 2.0
128, Flying, 1
128, Poison, 1
128, Ground, 1
128, Rock, 1
128, Bug, 1
128, Ghost, 0.0
128, Steel, 1
128, Fire, 1
128, Water, 1
128, Grass, 1
128, Electr, 1
128, Psychc, 1
128, Ice, 1
128, Dragon, 1
128, Dark, 1
129, Normal, 1
129, Fight, 1
129, Flying, 1
129, Poison, 1
129, Ground, 1
129, Rock, 1
129, Bug, 1
129, Ghost, 1
129, Steel, 0.5
129, Fire, 0.5
129, Water, 0.5
129, Grass, 2.0
129, Electr, 2.0
129, Psychc, 1
129, Ice, 0.5
129, Dragon, 1
129, Dark, 1
130, Normal, 1
130, Fight, 0.5
130, Flying, 1
130, Poison, 1
130, Ground, 0.0
130, Rock, 2.0
130, Bug, 0.5
130, Ghost, 1
130, Steel, 0.5
130, Fire, 0.5
130, Water, 0.5
130, Grass, 1
130, Electr, 4.0
130, Psychc, 1
130, Ice, 1
130, Dragon, 1
130, Dark, 1
131, Normal, 1
131, Fight, 2.0
131, Flying, 1
131, Poison, 1
131, Ground, 1
131, Rock, 2.0
131, Bug, 1
131, Ghost, 1
131, Steel, 1
131, Fire, 1
131, Water, 0.5
131, Grass, 2.0
131, Electr, 2.0
131, Psychc, 1
131, Ice, 0.25
131, Dragon, 1
131, Dark, 1
132, Normal, 1
132, Fight, 2.0
132, Flying, 1
132, Poison, 1
132, Ground, 1
132, Rock, 1
132, Bug, 1
132, Ghost, 0.0
132, Steel, 1
132, Fire, 1
132, Water, 1
132, Grass, 1
132, Electr, 1
132, Psychc, 1
132, Ice, 1
132, Dragon, 1
132, Dark, 1
133, Normal, 1
133, Fight, 2.0
133, Flying, 1
133, Poison, 1
133, Ground, 1
133, Rock, 1
133, Bug, 1
133, Ghost, 0.0
133, Steel, 1
133, Fire, 1
133, Water, 1
133, Grass, 1
133, Electr, 1
133, Psychc, 1
133, Ice, 1
133, Dragon, 1
133, Dark, 1
134, Normal, 1
134, Fight, 1
134, Flying, 1
134, Poison, 1
134, Ground, 1
134, Rock, 1
134, Bug, 1
134, Ghost, 1
134, Steel, 0.5
134, Fire, 0.5
134, Water, 0.5
134, Grass, 2.0
134, Electr, 2.0
134, Psychc, 1
134, Ice, 0.5
134, Dragon, 1
134, Dark, 1
135, Normal, 1
135, Fight, 1
135, Flying, 0.5
135, Poison, 1
135, Ground, 2.0
135, Rock, 1
135, Bug, 1
135, Ghost, 1
135, Steel, 0.5
135, Fire, 1
135, Water, 1
135, Grass, 1
135, Electr, 0.5
135, Psychc, 1
135, Ice, 1
135, Dragon, 1
135, Dark, 1
136, Normal, 1
136, Fight, 1
136, Flying, 1
136, Poison, 1
136, Ground, 2.0
136, Rock, 2.0
136, Bug, 0.5
136, Ghost, 1
136, Steel, 0.5
136, Fire, 0.5
136, Water, 2.0
136, Grass, 0.5
136, Electr, 1
136, Psychc, 1
136, Ice, 0.5
136, Dragon, 1
136, Dark, 1
137, Normal, 1
137, Fight, 2.0
137, Flying, 1
137, Poison, 1
137, Ground, 1
137, Rock, 1
137, Bug, 1
137, Ghost, 0.0
137, Steel, 1
137, Fire, 1
137, Water, 1
137, Grass, 1
137, Electr, 1
137, Psychc, 1
137, Ice, 1
137, Dragon, 1
137, Dark, 1
138, Normal, 0.5
138, Fight, 2.0
138, Flying, 0.5
138, Poison, 0.5
138, Ground, 2.0
138, Rock, 1
138, Bug, 1
138, Ghost, 1
138, Steel, 1
138, Fire, 0.25
138, Water, 1
138, Grass, 4.0
138, Electr, 2.0
138, Psychc, 1
138, Ice, 0.5
138, Dragon, 1
138, Dark, 1
139, Normal, 0.5
139, Fight, 2.0
139, Flying, 0.5
139, Poison, 0.5
139, Ground, 2.0
139, Rock, 1
139, Bug, 1
139, Ghost, 1
139, Steel, 1
139, Fire, 0.25
139, Water, 1
139, Grass, 4.0
139, Electr, 2.0
139, Psychc, 1
139, Ice, 0.5
139, Dragon, 1
139, Dark, 1
140, Normal, 0.5
140, Fight, 2.0
140, Flying, 0.5
140, Poison, 0.5
140, Ground, 2.0
140, Rock, 1
140, Bug, 1
140, Ghost, 1
140, Steel, 1
140, Fire, 0.25
140, Water, 1
140, Grass, 4.0
140, Electr, 2.0
140, Psychc, 1
140, Ice, 0.5
140, Dragon, 1
140, Dark, 1
141, Normal, 0.5
141, Fight, 2.0
141, Flying, 0.5
141, Poison, 0.5
141, Ground, 2.0
141, Rock, 1
141, Bug, 1
141, Ghost, 1
141, Steel, 1
141, Fire, 0.25
141, Water, 1
141, Grass, 4.0
141, Electr, 2.0
141, Psychc, 1
141, Ice, 0.5
141, Dragon, 1
141, Dark, 1
142, Normal, 0.5
142, Fight, 1
142, Flying, 0.5
142, Poison, 0.5
142, Ground, 0.0
142, Rock, 2.0
142, Bug, 0.5
142, Ghost, 1
142, Steel, 2.0
142, Fire, 0.5
142, Water, 2.0
142, Grass, 1
142, Electr, 2.0
142, Psychc, 1
142, Ice, 2.0
142, Dragon, 1
142, Dark, 1
143, Normal, 1
143, Fight, 2.0
143, Flying, 1
143, Poison, 1
143, Ground, 1
143, Rock, 1
143, Bug, 1
143, Ghost, 0.0
143, Steel, 1
143, Fire, 1
143, Water, 1
143, Grass, 1
143, Electr, 1
143, Psychc, 1
143, Ice, 1
143, Dragon, 1
143, Dark, 1
144, Normal, 1
144, Fight, 1
144, Flying, 1
144, Poison, 1
144, Ground, 0.0
144, Rock, 4.0
144, Bug, 0.5
144, Ghost, 1
144, Steel, 2.0
144, Fire, 2.0
144, Water, 1
144, Grass, 0.5
144, Electr, 2.0
144, Psychc, 1
144, Ice, 1
144, Dragon, 1
144, Dark, 1
145, Normal, 1
145, Fight, 0.5
145, Flying, 0.5
145, Poison, 1
145, Ground, 0.0
145, Rock, 2.0
145, Bug, 0.5
145, Ghost, 1
145, Steel, 0.5
145, Fire, 1
145, Water, 1
145, Grass, 0.5
145, Electr, 1
145, Psychc, 1
145, Ice, 2.0
145, Dragon, 1
145, Dark, 1
146, Normal, 1
146, Fight, 0.5
146, Flying, 1
146, Poison, 1
146, Ground, 0.0
146, Rock, 4.0
146, Bug, 0.25
146, Ghost, 1
146, Steel, 0.5
146, Fire, 0.5
146, Water, 2.0
146, Grass, 0.25
146, Electr, 2.0
146, Psychc, 1
146, Ice, 1
146, Dragon, 1
146, Dark, 1
147, Normal, 1
147, Fight, 1
147, Flying, 1
147, Poison, 1
147, Ground, 1
147, Rock, 1
147, Bug, 1
147, Ghost, 1
147, Steel, 1
147, Fire, 0.5
147, Water, 0.5
147, Grass, 0.5
147, Electr, 0.5
147, Psychc, 1
147, Ice, 2.0
147, Dragon, 2.0
147, Dark, 1
148, Normal, 1
148, Fight, 1
148, Flying, 1
148, Poison, 1
148, Ground, 1
148, Rock, 1
148, Bug, 1
148, Ghost, 1
148, Steel, 1
148, Fire, 0.5
148, Water, 0.5
148, Grass, 0.5
148, Electr, 0.5
148, Psychc, 1
148, Ice, 2.0
148, Dragon, 2.0
148, Dark, 1
149, Normal, 1
149, Fight, 0.5
149, Flying, 1
149, Poison, 1
149, Ground, 0.0
149, Rock, 2.0
149, Bug, 0.5
149, Ghost, 1
149, Steel, 1
149, Fire, 0.5
149, Water, 0.5
149, Grass, 0.25
149, Electr, 1
149, Psychc, 1
149, Ice, 4.0
149, Dragon, 2.0
149, Dark, 1
150, Normal, 1
150, Fight, 0.5
150, Flying, 1
150, Poison, 1
150, Ground, 1
150, Rock, 1
150, Bug, 2.0
150, Ghost, 2.0
150, Steel, 1
150, Fire, 1
150, Water, 1
150, Grass, 1
150, Electr, 1
150, Psychc, 0.5
150, Ice, 1
150, Dragon, 1
150, Dark, 2.0
151, Normal, 1
151, Fight, 0.5
151, Flying, 1
151, Poison, 1
151, Ground, 1
151, Rock, 1
151, Bug, 2.0
151, Ghost, 2.0
151, Steel, 1
151, Fire, 1
151, Water, 1
151, Grass, 1
151, Electr, 1
151, Psychc, 0.5
151, Ice, 1
151, Dragon, 1
151, Dark, 2.0
